{"cameraMode":{"drawMode":0,"name":"Shaded","section":"Shading Mode"},"sceneLighting":false,"audioPlay":false,"sceneViewState":{"showFog":true,"showMaterialUpdate":false,"showSkybox":false,"showFlares":true,"showImageEffects":true,"showParticleSystems":true},"in2DMode":false,"pivot":{"x":-24.720012664794923,"y":0.41970086097717287,"z":12.0},"rotation":{"x":0.23842507600784303,"y":0.6166855692863464,"z":-0.20359580218791963,"w":0.7221022248268127},"size":73.80809020996094,"orthographic":false}