{"cameraMode":{"drawMode":0,"name":"Shaded","section":"Shading Mode"},"sceneLighting":true,"audioPlay":false,"sceneViewState":{"showFog":true,"showMaterialUpdate":false,"showSkybox":true,"showFlares":true,"showImageEffects":true,"showParticleSystems":true},"in2DMode":false,"pivot":{"x":-21.177459716796876,"y":196.8145294189453,"z":-272.38311767578127},"rotation":{"x":0.3312079906463623,"y":0.47116369009017947,"z":-0.19663666188716889,"w":0.7935189008712769},"size":120.53323364257813,"orthographic":false}